timeStamp,elapsed,label,responseCode,responseMessage,threadName,dataType,success,failureMessage,bytes,sentBytes,grpThreads,allThreads,URL,Latency,IdleTime,Connect
1648454240582,1559,GET https://demoqa.com/BookStore/v1/Books,200,OK,API_LoadTest 1-4,text,true,,4762,157,5,5,https://demoqa.com/BookStore/v1/Books?accept=application/json,1559,0,1340
1648454240582,1559,GET https://demoqa.com/BookStore/v1/Books,200,OK,API_LoadTest 1-3,text,true,,4762,157,5,5,https://demoqa.com/BookStore/v1/Books?accept=application/json,1559,0,1339
1648454240582,1569,GET https://demoqa.com/BookStore/v1/Books,200,OK,API_LoadTest 1-2,text,true,,4762,157,5,5,https://demoqa.com/BookStore/v1/Books?accept=application/json,1569,0,1347
1648454240582,1569,GET https://demoqa.com/BookStore/v1/Books,200,OK,API_LoadTest 1-1,text,true,,4762,157,5,5,https://demoqa.com/BookStore/v1/Books?accept=application/json,1569,0,1345
1648454240582,1570,GET https://demoqa.com/BookStore/v1/Books,200,OK,API_LoadTest 1-5,text,true,,4762,157,5,5,https://demoqa.com/BookStore/v1/Books?accept=application/json,1570,0,1345
1648454242145,196,GET https://demoqa.com/BookStore/v1/Book?ISBN=9781449325862,200,OK,API_LoadTest 1-3,text,true,,795,175,5,5,https://demoqa.com/BookStore/v1/Book?ISBN=9781449325862&accept=application/json,196,0,0
1648454242145,197,GET https://demoqa.com/BookStore/v1/Book?ISBN=9781449325862,200,OK,API_LoadTest 1-4,text,true,,795,175,5,5,https://demoqa.com/BookStore/v1/Book?ISBN=9781449325862&accept=application/json,196,0,0
1648454242152,197,GET https://demoqa.com/BookStore/v1/Book?ISBN=9781449325862,200,OK,API_LoadTest 1-1,text,true,,795,175,5,5,https://demoqa.com/BookStore/v1/Book?ISBN=9781449325862&accept=application/json,197,0,0
1648454242154,196,GET https://demoqa.com/BookStore/v1/Book?ISBN=9781449325862,200,OK,API_LoadTest 1-5,text,true,,795,175,5,5,https://demoqa.com/BookStore/v1/Book?ISBN=9781449325862&accept=application/json,196,0,0
1648454242152,201,GET https://demoqa.com/BookStore/v1/Book?ISBN=9781449325862,200,OK,API_LoadTest 1-2,text,true,,795,175,5,5,https://demoqa.com/BookStore/v1/Book?ISBN=9781449325862&accept=application/json,201,0,0
1648454242350,309,POST https://demoqa.com/Account/v1/GenerateToken,200,OK,API_LoadTest 1-1,text,true,,329,359,5,5,https://demoqa.com/Account/v1/GenerateToken,309,0,0
1648454242348,411,POST https://demoqa.com/Account/v1/GenerateToken,200,OK,API_LoadTest 1-3,text,true,,329,359,5,5,https://demoqa.com/Account/v1/GenerateToken,411,0,0
1648454242660,232,GET https://demoqa.com/BookStore/v1/Books,200,OK,API_LoadTest 1-1,text,true,,4762,157,5,5,https://demoqa.com/BookStore/v1/Books?accept=application/json,232,0,0
1648454242351,585,POST https://demoqa.com/Account/v1/GenerateToken,200,OK,API_LoadTest 1-5,text,true,,329,359,5,5,https://demoqa.com/Account/v1/GenerateToken,585,0,0
1648454242761,192,GET https://demoqa.com/BookStore/v1/Books,200,OK,API_LoadTest 1-3,text,true,,4762,157,5,5,https://demoqa.com/BookStore/v1/Books?accept=application/json,191,0,0
1648454242348,662,POST https://demoqa.com/Account/v1/GenerateToken,200,OK,API_LoadTest 1-4,text,true,,329,359,5,5,https://demoqa.com/Account/v1/GenerateToken,662,0,0
1648454242354,719,POST https://demoqa.com/Account/v1/GenerateToken,200,OK,API_LoadTest 1-2,text,true,,329,359,5,5,https://demoqa.com/Account/v1/GenerateToken,719,0,0
1648454242894,195,GET https://demoqa.com/BookStore/v1/Book?ISBN=9781449325862,200,OK,API_LoadTest 1-1,text,true,,795,175,5,5,https://demoqa.com/BookStore/v1/Book?ISBN=9781449325862&accept=application/json,195,0,0
1648454242938,195,GET https://demoqa.com/BookStore/v1/Books,200,OK,API_LoadTest 1-5,text,true,,4762,157,5,5,https://demoqa.com/BookStore/v1/Books?accept=application/json,195,0,0
1648454242954,188,GET https://demoqa.com/BookStore/v1/Book?ISBN=9781449325862,200,OK,API_LoadTest 1-3,text,true,,795,175,5,5,https://demoqa.com/BookStore/v1/Book?ISBN=9781449325862&accept=application/json,188,0,0
1648454243012,193,GET https://demoqa.com/BookStore/v1/Books,200,OK,API_LoadTest 1-4,text,true,,4762,157,5,5,https://demoqa.com/BookStore/v1/Books?accept=application/json,192,0,0
1648454243075,197,GET https://demoqa.com/BookStore/v1/Books,200,OK,API_LoadTest 1-2,text,true,,4762,157,5,5,https://demoqa.com/BookStore/v1/Books?accept=application/json,197,0,0
1648454243133,193,GET https://demoqa.com/BookStore/v1/Book?ISBN=9781449325862,200,OK,API_LoadTest 1-5,text,true,,795,175,5,5,https://demoqa.com/BookStore/v1/Book?ISBN=9781449325862&accept=application/json,193,0,0
1648454243090,288,POST https://demoqa.com/Account/v1/GenerateToken,200,OK,API_LoadTest 1-1,text,true,,329,359,5,5,https://demoqa.com/Account/v1/GenerateToken,288,0,0
1648454243205,192,GET https://demoqa.com/BookStore/v1/Book?ISBN=9781449325862,200,OK,API_LoadTest 1-4,text,true,,795,175,5,5,https://demoqa.com/BookStore/v1/Book?ISBN=9781449325862&accept=application/json,192,0,0
1648454243143,305,POST https://demoqa.com/Account/v1/GenerateToken,200,OK,API_LoadTest 1-3,text,true,,329,359,5,5,https://demoqa.com/Account/v1/GenerateToken,305,0,0
1648454243274,196,GET https://demoqa.com/BookStore/v1/Book?ISBN=9781449325862,200,OK,API_LoadTest 1-2,text,true,,795,175,5,5,https://demoqa.com/BookStore/v1/Book?ISBN=9781449325862&accept=application/json,196,0,0
1648454243379,196,GET https://demoqa.com/BookStore/v1/Books,200,OK,API_LoadTest 1-1,text,true,,4762,157,5,5,https://demoqa.com/BookStore/v1/Books?accept=application/json,195,0,0
1648454243327,289,POST https://demoqa.com/Account/v1/GenerateToken,200,OK,API_LoadTest 1-5,text,true,,329,359,5,5,https://demoqa.com/Account/v1/GenerateToken,289,0,0
1648454243449,191,GET https://demoqa.com/BookStore/v1/Books,200,OK,API_LoadTest 1-3,text,true,,4762,157,5,5,https://demoqa.com/BookStore/v1/Books?accept=application/json,190,0,0
1648454243398,299,POST https://demoqa.com/Account/v1/GenerateToken,200,OK,API_LoadTest 1-4,text,true,,329,359,5,5,https://demoqa.com/Account/v1/GenerateToken,299,0,0
1648454243575,194,GET https://demoqa.com/BookStore/v1/Book?ISBN=9781449325862,200,OK,API_LoadTest 1-1,text,true,,795,175,5,5,https://demoqa.com/BookStore/v1/Book?ISBN=9781449325862&accept=application/json,194,0,0
1648454243471,311,POST https://demoqa.com/Account/v1/GenerateToken,200,OK,API_LoadTest 1-2,text,true,,329,359,5,5,https://demoqa.com/Account/v1/GenerateToken,311,0,0
1648454243618,195,GET https://demoqa.com/BookStore/v1/Books,200,OK,API_LoadTest 1-5,text,true,,4762,157,5,5,https://demoqa.com/BookStore/v1/Books?accept=application/json,195,0,0
1648454243640,191,GET https://demoqa.com/BookStore/v1/Book?ISBN=9781449325862,200,OK,API_LoadTest 1-3,text,true,,795,175,5,5,https://demoqa.com/BookStore/v1/Book?ISBN=9781449325862&accept=application/json,191,0,0
1648454243699,200,GET https://demoqa.com/BookStore/v1/Books,200,OK,API_LoadTest 1-4,text,true,,4762,157,5,5,https://demoqa.com/BookStore/v1/Books?accept=application/json,199,0,0
1648454243783,200,GET https://demoqa.com/BookStore/v1/Books,200,OK,API_LoadTest 1-2,text,true,,4762,157,5,5,https://demoqa.com/BookStore/v1/Books?accept=application/json,200,0,0
1648454243814,199,GET https://demoqa.com/BookStore/v1/Book?ISBN=9781449325862,200,OK,API_LoadTest 1-5,text,true,,795,175,5,5,https://demoqa.com/BookStore/v1/Book?ISBN=9781449325862&accept=application/json,199,0,0
1648454243770,320,POST https://demoqa.com/Account/v1/GenerateToken,200,OK,API_LoadTest 1-1,text,true,,329,359,5,5,https://demoqa.com/Account/v1/GenerateToken,320,0,0
1648454243900,194,GET https://demoqa.com/BookStore/v1/Book?ISBN=9781449325862,200,OK,API_LoadTest 1-4,text,true,,795,175,5,5,https://demoqa.com/BookStore/v1/Book?ISBN=9781449325862&accept=application/json,194,0,0
1648454243832,310,POST https://demoqa.com/Account/v1/GenerateToken,200,OK,API_LoadTest 1-3,text,true,,329,359,5,5,https://demoqa.com/Account/v1/GenerateToken,310,0,0
1648454243984,212,GET https://demoqa.com/BookStore/v1/Book?ISBN=9781449325862,200,OK,API_LoadTest 1-2,text,true,,795,175,5,5,https://demoqa.com/BookStore/v1/Book?ISBN=9781449325862&accept=application/json,212,0,0
1648454244014,276,POST https://demoqa.com/Account/v1/GenerateToken,200,OK,API_LoadTest 1-5,text,true,,329,359,5,5,https://demoqa.com/Account/v1/GenerateToken,276,0,0
1648454244090,212,GET https://demoqa.com/BookStore/v1/Books,200,OK,API_LoadTest 1-1,text,true,,4762,157,5,5,https://demoqa.com/BookStore/v1/Books?accept=application/json,212,0,0
1648454244142,193,GET https://demoqa.com/BookStore/v1/Books,200,OK,API_LoadTest 1-3,text,true,,4762,157,5,5,https://demoqa.com/BookStore/v1/Books?accept=application/json,193,0,0
1648454244094,289,POST https://demoqa.com/Account/v1/GenerateToken,200,OK,API_LoadTest 1-4,text,true,,329,359,5,5,https://demoqa.com/Account/v1/GenerateToken,289,0,0
1648454244197,270,POST https://demoqa.com/Account/v1/GenerateToken,200,OK,API_LoadTest 1-2,text,true,,329,359,5,5,https://demoqa.com/Account/v1/GenerateToken,270,0,0
1648454244291,193,GET https://demoqa.com/BookStore/v1/Books,200,OK,API_LoadTest 1-5,text,true,,4762,157,5,5,https://demoqa.com/BookStore/v1/Books?accept=application/json,193,0,0
1648454244303,195,GET https://demoqa.com/BookStore/v1/Book?ISBN=9781449325862,200,OK,API_LoadTest 1-1,text,true,,795,175,5,5,https://demoqa.com/BookStore/v1/Book?ISBN=9781449325862&accept=application/json,195,0,0
1648454244335,199,GET https://demoqa.com/BookStore/v1/Book?ISBN=9781449325862,200,OK,API_LoadTest 1-3,text,true,,795,175,5,5,https://demoqa.com/BookStore/v1/Book?ISBN=9781449325862&accept=application/json,199,0,0
1648454244384,191,GET https://demoqa.com/BookStore/v1/Books,200,OK,API_LoadTest 1-4,text,true,,4762,157,5,5,https://demoqa.com/BookStore/v1/Books?accept=application/json,191,0,0
1648454244468,195,GET https://demoqa.com/BookStore/v1/Books,200,OK,API_LoadTest 1-2,text,true,,4762,157,5,5,https://demoqa.com/BookStore/v1/Books?accept=application/json,195,0,0
1648454244485,193,GET https://demoqa.com/BookStore/v1/Book?ISBN=9781449325862,200,OK,API_LoadTest 1-5,text,true,,795,175,5,5,https://demoqa.com/BookStore/v1/Book?ISBN=9781449325862&accept=application/json,193,0,0
1648454244576,191,GET https://demoqa.com/BookStore/v1/Book?ISBN=9781449325862,200,OK,API_LoadTest 1-4,text,true,,795,175,5,5,https://demoqa.com/BookStore/v1/Book?ISBN=9781449325862&accept=application/json,191,0,0
1648454244499,268,POST https://demoqa.com/Account/v1/GenerateToken,200,OK,API_LoadTest 1-1,text,true,,329,359,5,5,https://demoqa.com/Account/v1/GenerateToken,268,0,0
1648454244535,293,POST https://demoqa.com/Account/v1/GenerateToken,200,OK,API_LoadTest 1-3,text,true,,329,359,5,5,https://demoqa.com/Account/v1/GenerateToken,293,0,0
1648454244664,194,GET https://demoqa.com/BookStore/v1/Book?ISBN=9781449325862,200,OK,API_LoadTest 1-2,text,true,,795,175,5,5,https://demoqa.com/BookStore/v1/Book?ISBN=9781449325862&accept=application/json,194,0,0
1648454244679,272,POST https://demoqa.com/Account/v1/GenerateToken,200,OK,API_LoadTest 1-5,text,true,,329,359,5,5,https://demoqa.com/Account/v1/GenerateToken,272,0,0
1648454244768,224,GET https://demoqa.com/BookStore/v1/Books,200,OK,API_LoadTest 1-1,text,true,,4762,157,5,5,https://demoqa.com/BookStore/v1/Books?accept=application/json,224,0,0
1648454244830,194,GET https://demoqa.com/BookStore/v1/Books,200,OK,API_LoadTest 1-3,text,true,,4762,157,5,5,https://demoqa.com/BookStore/v1/Books?accept=application/json,193,0,0
1648454244768,306,POST https://demoqa.com/Account/v1/GenerateToken,200,OK,API_LoadTest 1-4,text,true,,329,359,5,5,https://demoqa.com/Account/v1/GenerateToken,306,0,0
1648454244859,271,POST https://demoqa.com/Account/v1/GenerateToken,200,OK,API_LoadTest 1-2,text,true,,329,359,5,5,https://demoqa.com/Account/v1/GenerateToken,271,0,0
1648454244952,198,GET https://demoqa.com/BookStore/v1/Books,200,OK,API_LoadTest 1-5,text,true,,4762,157,5,5,https://demoqa.com/BookStore/v1/Books?accept=application/json,198,0,0
1648454244993,218,GET https://demoqa.com/BookStore/v1/Book?ISBN=9781449325862,200,OK,API_LoadTest 1-1,text,true,,795,175,5,5,https://demoqa.com/BookStore/v1/Book?ISBN=9781449325862&accept=application/json,218,0,0
1648454245024,190,GET https://demoqa.com/BookStore/v1/Book?ISBN=9781449325862,200,OK,API_LoadTest 1-3,text,true,,795,175,5,5,https://demoqa.com/BookStore/v1/Book?ISBN=9781449325862&accept=application/json,189,0,0
1648454245075,194,GET https://demoqa.com/BookStore/v1/Books,200,OK,API_LoadTest 1-4,text,true,,4762,157,5,5,https://demoqa.com/BookStore/v1/Books?accept=application/json,194,0,0
1648454245131,199,GET https://demoqa.com/BookStore/v1/Books,200,OK,API_LoadTest 1-2,text,true,,4762,157,5,5,https://demoqa.com/BookStore/v1/Books?accept=application/json,199,0,0
1648454245151,194,GET https://demoqa.com/BookStore/v1/Book?ISBN=9781449325862,200,OK,API_LoadTest 1-5,text,true,,795,175,5,5,https://demoqa.com/BookStore/v1/Book?ISBN=9781449325862&accept=application/json,194,0,0
1648454245270,191,GET https://demoqa.com/BookStore/v1/Book?ISBN=9781449325862,200,OK,API_LoadTest 1-4,text,true,,795,175,5,5,https://demoqa.com/BookStore/v1/Book?ISBN=9781449325862&accept=application/json,191,0,0
1648454245212,292,POST https://demoqa.com/Account/v1/GenerateToken,200,OK,API_LoadTest 1-1,text,true,,329,359,5,5,https://demoqa.com/Account/v1/GenerateToken,292,0,0
1648454245331,195,GET https://demoqa.com/BookStore/v1/Book?ISBN=9781449325862,200,OK,API_LoadTest 1-2,text,true,,795,175,4,4,https://demoqa.com/BookStore/v1/Book?ISBN=9781449325862&accept=application/json,195,0,0
1648454245215,356,POST https://demoqa.com/Account/v1/GenerateToken,200,OK,API_LoadTest 1-3,text,true,,329,359,4,4,https://demoqa.com/Account/v1/GenerateToken,356,0,0
1648454245346,291,POST https://demoqa.com/Account/v1/GenerateToken,200,OK,API_LoadTest 1-5,text,true,,329,359,3,3,https://demoqa.com/Account/v1/GenerateToken,291,0,0
1648454245462,274,POST https://demoqa.com/Account/v1/GenerateToken,200,OK,API_LoadTest 1-4,text,true,,329,359,2,2,https://demoqa.com/Account/v1/GenerateToken,274,0,0
1648454245527,280,POST https://demoqa.com/Account/v1/GenerateToken,200,OK,API_LoadTest 1-2,text,true,,329,359,1,1,https://demoqa.com/Account/v1/GenerateToken,280,0,0
